{"cameraMode":{"drawMode":0,"name":"Shaded","section":"Shading Mode"},"sceneLighting":true,"audioPlay":false,"sceneViewState":{"m_AlwaysRefresh":false,"showFog":true,"showSkybox":true,"showFlares":true,"showImageEffects":true,"showParticleSystems":true,"showVisualEffectGraphs":true,"m_FxEnabled":true},"in2DMode":false,"pivot":{"x":-10.818425178527832,"y":9.853887557983399,"z":-24.027929306030275},"rotation":{"x":-0.13929538428783418,"y":-0.7975491285324097,"z":0.20152772963047028,"w":-0.5512791275978088},"size":41.213897705078128,"orthographic":true}