{"cameraMode":{"drawMode":0,"name":"Shaded","section":"Shading Mode"},"sceneLighting":true,"audioPlay":false,"sceneViewState":{"m_AlwaysRefresh":false,"showFog":true,"showSkybox":true,"showFlares":true,"showImageEffects":true,"showParticleSystems":true,"showVisualEffectGraphs":true,"m_FxEnabled":true},"in2DMode":false,"pivot":{"x":-81.89106750488281,"y":16.523311614990236,"z":-21.28606605529785},"rotation":{"x":-0.02414103038609028,"y":0.9662213921546936,"z":-0.11252903938293457,"w":-0.23461587727069856},"size":2.9663479328155519,"orthographic":true}