{"cameraMode":{"drawMode":0,"name":"Shaded","section":"Shading Mode"},"sceneLighting":true,"audioPlay":false,"sceneViewState":{"m_AlwaysRefresh":false,"showFog":true,"showSkybox":true,"showFlares":true,"showImageEffects":true,"showParticleSystems":true,"showVisualEffectGraphs":true,"m_FxEnabled":true},"in2DMode":false,"pivot":{"x":-34.538063049316409,"y":14.443910598754883,"z":-54.60558319091797},"rotation":{"x":-0.09488767385482788,"y":-0.9025684595108032,"z":0.33048680424690249,"w":-0.25914013385772707},"size":54.08530807495117,"orthographic":true}